{
  "erabiltzaileak": [
    {
      "id": "1",
      "usuario": "Elorrieta",
      "email": "elorrieta@gmail.com"
    }
  ],
  "errezetak": [
    {
      "id": "1",
      "deskribapena": "Deluxe patatak",
      "prezioa": "12.55",
      "osagaiak": "1500g ur, 600g patata, 50g irin",
      "argazkia": "https://assets.tmecosys.com/image/upload/t_web667x528/img/recipe/ras/Assets/13297983-E651-4135-8049-EB0BB22F1980/Derivates/e4870412-1264-4d82-a157-f3d6079bca90.jpg"
    },
    {
      "id": "3",
      "deskribapena": "Meloi konfitura",
      "prezioa": "22.5",
      "osagaiak": "900g meloi, 600g azukre",
      "argazkia": "https://assets.tmecosys.com/image/upload/t_web667x528/img/recipe/ras/Assets/C07553B0-AE7D-45A0-8A14-54C411776408/Derivates/0991496a-f205-4a3c-9475-3f4a9e47bfa6.jpg"
    },
    {
      "id": "5",
      "deskribapena": "Kalabaza pastela",
      "prezioa": "20",
      "osagaiak": "450g kalabaza, 260g irin, 225g gurin",
      "argazkia": "https://assets.tmecosys.com/image/upload/t_web667x528/img/recipe/ras/Assets/b5fb8895-0e28-4bab-8f56-41455438a296/Derivates/98763f65-d1e0-4a14-b18d-6a0277c3f909.jpg"
    },
    {
      "id": "6",
      "deskribapena": "Gottam",
      "prezioa": "12.50",
      "osagaiak": "OKela,bacon,queso",
      "argazkia": "https://s3.ppllstatics.com/diariovasco/www/multimedia/2024/07/22/hamburguesa-gottangrill-k1rF-U220788525230TVD-1200x840@Diario%20Vasco.jpg"
    }
  ]
}